dia_semana=quarta-feira;br=101.0;km=102.3;municipio=SOORETAMA;causa_acidente=Ultrapassagem Indevida;tipo_acidente=Colisão frontal;classificacao_acidente=Com Vítimas Feridas;fase_dia=Pleno dia;sentido_via=Decrescente;condicao_metereologica=Sol;tipo_pista=Simples;tracado_via=Não Informado;uso_solo=Não;pessoas=2;mortos=0;feridos_leves=0;feridos_graves=1;ilesos=1;ignorados=0;feridos=1;veiculos=2
dia_semana=sexta-feira;br=101.0;km=293.0;municipio=CARIACICA;causa_acidente=Falta de Atenção à Condução;tipo_acidente=Colisão lateral;classificacao_acidente=Com Vítimas Feridas;fase_dia=Pleno dia;sentido_via=Crescente;condicao_metereologica=Céu Claro;tipo_pista=Dupla;tracado_via=Reta;uso_solo=Sim;pessoas=3;mortos=0;feridos_leves=0;feridos_graves=1;ilesos=1;ignorados=1;feridos=1;veiculos=3
dia_semana=sexta-feira;br=101.0;km=256.4;municipio=SERRA;causa_acidente=Falta de Atenção à Condução;tipo_acidente=Queda de ocupante de veículo;classificacao_acidente=Sem Vítimas;fase_dia=Plena Noite;sentido_via=Decrescente;condicao_metereologica=Céu Claro;tipo_pista=Simples;tracado_via=Viaduto;uso_solo=Sim;pessoas=1;mortos=0;feridos_leves=0;feridos_graves=0;ilesos=0;ignorados=1;feridos=0;veiculos=1
dia_semana=sábado;br=101.0;km=258.2;municipio=SERRA;causa_acidente=Falta de Atenção à Condução;tipo_acidente=Atropelamento de Animal;classificacao_acidente=Com Vítimas Feridas;fase_dia=Pleno dia;sentido_via=Crescente;condicao_metereologica=Sol;tipo_pista=Dupla;tracado_via=Reta;uso_solo=Sim;pessoas=2;mortos=0;feridos_leves=2;feridos_graves=0;ilesos=0;ignorados=0;feridos=2;veiculos=1
dia_semana=sábado;br=262.0;km=19.0;municipio=VIANA;causa_acidente=Restrição de Visibilidade;tipo_acidente=Colisão lateral;classificacao_acidente=Com Vítimas Feridas;fase_dia=Pleno dia;sentido_via=Crescente;condicao_metereologica=Céu Claro;tipo_pista=Simples;tracado_via=Interseção de vias;uso_solo=Sim;pessoas=4;mortos=0;feridos_leves=1;feridos_graves=2;ilesos=1;ignorados=0;feridos=3;veiculos=2
dia_semana=sábado;br=101.0;km=69.0;municipio=SAO MATEUS;causa_acidente=Defeito Mecânico no Veículo;tipo_acidente=Colisão traseira;classificacao_acidente=Com Vítimas Feridas;fase_dia=Pleno dia;sentido_via=Crescente;condicao_metereologica=Sol;tipo_pista=Dupla;tracado_via=Desvio Temporário;uso_solo=Sim;pessoas=2;mortos=0;feridos_leves=1;feridos_graves=0;ilesos=1;ignorados=0;feridos=1;veiculos=2
dia_semana=sábado;br=101.0;km=377.0;municipio=ICONHA;causa_acidente=Desobediência às normas de trânsito pelo condutor;tipo_acidente=Colisão frontal;classificacao_acidente=Com Vítimas Feridas;fase_dia=Pleno dia;sentido_via=Crescente;condicao_metereologica=Céu Claro;tipo_pista=Simples;tracado_via=Reta;uso_solo=Não;pessoas=2;mortos=0;feridos_leves=0;feridos_graves=1;ilesos=1;ignorados=0;feridos=1;veiculos=2
dia_semana=sábado;br=101.0;km=191.8;municipio=ARACRUZ;causa_acidente=Defeito Mecânico no Veículo;tipo_acidente=Saída de leito carroçável;classificacao_acidente=Com Vítimas Feridas;fase_dia=Pleno dia;sentido_via=Decrescente;condicao_metereologica=Céu Claro;tipo_pista=Simples;tracado_via=Reta;uso_solo=Não;pessoas=2;mortos=0;feridos_leves=1;feridos_graves=0;ilesos=1;ignorados=0;feridos=1;veiculos=1
dia_semana=sábado;br=259.0;km=0.3;municipio=JOAO NEIVA;causa_acidente=Falta de Atenção à Condução;tipo_acidente=Colisão traseira;classificacao_acidente=Sem Vítimas;fase_dia=Pleno dia;sentido_via=Crescente;condicao_metereologica=Sol;tipo_pista=Simples;tracado_via=Reta;uso_solo=Sim;pessoas=2;mortos=0;feridos_leves=0;feridos_graves=0;ilesos=1;ignorados=1;feridos=0;veiculos=2
dia_semana=sábado;br=259.0;km=0.0;municipio=JOAO NEIVA;causa_acidente=Falta de Atenção à Condução;tipo_acidente=Tombamento;classificacao_acidente=Com Vítimas Feridas;fase_dia=Plena Noite;sentido_via=Crescente;condicao_metereologica=Céu Claro;tipo_pista=Simples;tracado_via=Reta;uso_solo=Não;pessoas=1;mortos=0;feridos_leves=0;feridos_graves=1;ilesos=0;ignorados=0;feridos=1;veiculos=1
dia_semana=sábado;br=101.0;km=240.0;municipio=SERRA;causa_acidente=Falta de Atenção à Condução;tipo_acidente=Colisão traseira;classificacao_acidente=Sem Vítimas;fase_dia=Plena Noite;sentido_via=Crescente;condicao_metereologica=Nublado;tipo_pista=Simples;tracado_via=Reta;uso_solo=Sim;pessoas=2;mortos=0;feridos_leves=0;feridos_graves=0;ilesos=2;ignorados=0;feridos=0;veiculos=2
dia_semana=sábado;br=101.0;km=145.0;municipio=LINHARES;causa_acidente=Ingestão de Álcool;tipo_acidente=Colisão traseira;classificacao_acidente=Com Vítimas Feridas;fase_dia=Plena Noite;sentido_via=Decrescente;condicao_metereologica=Céu Claro;tipo_pista=Simples;tracado_via=Interseção de vias;uso_solo=Não;pessoas=3;mortos=0;feridos_leves=1;feridos_graves=1;ilesos=1;ignorados=0;feridos=2;veiculos=2
dia_semana=domingo;br=482.0;km=132.2;municipio=GUACUI;causa_acidente=Ingestão de Álcool;tipo_acidente=Colisão com objeto estático;classificacao_acidente=Com Vítimas Fatais;fase_dia=Plena Noite;sentido_via=Decrescente;condicao_metereologica=Nublado;tipo_pista=Simples;tracado_via=Curva;uso_solo=Não;pessoas=1;mortos=1;feridos_leves=0;feridos_graves=0;ilesos=0;ignorados=0;feridos=0;veiculos=1
dia_semana=domingo;br=482.0;km=111.7;municipio=GUACUI;causa_acidente=Velocidade Incompatível;tipo_acidente=Tombamento;classificacao_acidente=Com Vítimas Fatais;fase_dia=Plena Noite;sentido_via=Crescente;condicao_metereologica=Céu Claro;tipo_pista=Simples;tracado_via=Curva;uso_solo=Não;pessoas=2;mortos=1;feridos_leves=0;feridos_graves=0;ilesos=1;ignorados=0;feridos=0;veiculos=1
dia_semana=domingo;br=101.0;km=158.0;municipio=LINHARES;causa_acidente=Falta de Atenção à Condução;tipo_acidente=Saída de leito carroçável;classificacao_acidente=Sem Vítimas;fase_dia=Plena Noite;sentido_via=Crescente;condicao_metereologica=Céu Claro;tipo_pista=Simples;tracado_via=Reta;uso_solo=Não;pessoas=1;mortos=0;feridos_leves=0;feridos_graves=0;ilesos=0;ignorados=1;feridos=0;veiculos=1
dia_semana=domingo;br=101.0;km=45.0;municipio=CONCEICAO DA BARRA;causa_acidente=Desobediência às normas de trânsito pelo condutor;tipo_acidente=Colisão frontal;classificacao_acidente=Com Vítimas Feridas;fase_dia=Pleno dia;sentido_via=Crescente;condicao_metereologica=Chuva;tipo_pista=Simples;tracado_via=Reta;uso_solo=Não;pessoas=2;mortos=0;feridos_leves=0;feridos_graves=1;ilesos=1;ignorados=0;feridos=1;veiculos=2
dia_semana=domingo;br=101.0;km=427.9;municipio=ATILIO VIVACQUA;causa_acidente=Desobediência às normas de trânsito pelo condutor;tipo_acidente=Colisão traseira;classificacao_acidente=Com Vítimas Feridas;fase_dia=Plena Noite;sentido_via=Decrescente;condicao_metereologica=Céu Claro;tipo_pista=Simples;tracado_via=Reta;uso_solo=Não;pessoas=2;mortos=0;feridos_leves=1;feridos_graves=0;ilesos=1;ignorados=0;feridos=1;veiculos=2
dia_semana=domingo;br=262.0;km=64.0;municipio=MARECHAL FLORIANO;causa_acidente=Falta de Atenção à Condução;tipo_acidente=Tombamento;classificacao_acidente=Sem Vítimas;fase_dia=Amanhecer;sentido_via=Crescente;condicao_metereologica=Céu Claro;tipo_pista=Simples;tracado_via=Curva;uso_solo=Não;pessoas=1;mortos=0;feridos_leves=0;feridos_graves=0;ilesos=1;ignorados=0;feridos=0;veiculos=1
dia_semana=domingo;br=101.0;km=323.0;municipio=GUARAPARI;causa_acidente=Falta de Atenção à Condução;tipo_acidente=Queda de ocupante de veículo;classificacao_acidente=Com Vítimas Feridas;fase_dia=Pleno dia;sentido_via=Crescente;condicao_metereologica=Chuva;tipo_pista=Simples;tracado_via=Curva;uso_solo=Não;pessoas=2;mortos=0;feridos_leves=2;feridos_graves=0;ilesos=0;ignorados=0;feridos=2;veiculos=1
dia_semana=domingo;br=101.0;km=149.2;municipio=LINHARES;causa_acidente=Ingestão de Álcool;tipo_acidente=Colisão com objeto estático;classificacao_acidente=Sem Vítimas;fase_dia=Pleno dia;sentido_via=Crescente;condicao_metereologica=Chuva;tipo_pista=Múltipla;tracado_via=Reta;uso_solo=Sim;pessoas=1;mortos=0;feridos_leves=0;feridos_graves=0;ilesos=1;ignorados=0;feridos=0;veiculos=1
dia_semana=domingo;br=262.0;km=173.1;municipio=IBATIBA;causa_acidente=Desobediência às normas de trânsito pelo condutor;tipo_acidente=Colisão frontal;classificacao_acidente=Com Vítimas Feridas;fase_dia=Pleno dia;sentido_via=Decrescente;condicao_metereologica=Sol;tipo_pista=Simples;tracado_via=Ponte;uso_solo=Não;pessoas=3;mortos=0;feridos_leves=3;feridos_graves=0;ilesos=0;ignorados=0;feridos=3;veiculos=2
dia_semana=domingo;br=101.0;km=264.0;municipio=SERRA;causa_acidente=Desobediência às normas de trânsito pelo condutor;tipo_acidente=Colisão frontal;classificacao_acidente=Com Vítimas Feridas;fase_dia=Plena Noite;sentido_via=Decrescente;condicao_metereologica=Chuva;tipo_pista=Dupla;tracado_via=Reta;uso_solo=Sim;pessoas=2;mortos=0;feridos_leves=1;feridos_graves=0;ilesos=1;ignorados=0;feridos=1;veiculos=2
dia_semana=domingo;br=262.0;km=24.0;municipio=VIANA;causa_acidente=Velocidade Incompatível;tipo_acidente=Colisão com objeto estático;classificacao_acidente=Com Vítimas Fatais;fase_dia=Pleno dia;sentido_via=Decrescente;condicao_metereologica=Nublado;tipo_pista=Simples;tracado_via=Curva;uso_solo=Não;pessoas=2;mortos=1;feridos_leves=1;feridos_graves=0;ilesos=0;ignorados=0;feridos=1;veiculos=1
dia_semana=segunda-feira;br=101.0;km=131.5;municipio=LINHARES;causa_acidente=Falta de Atenção à Condução;tipo_acidente=Queda de ocupante de veículo;classificacao_acidente=Com Vítimas Feridas;fase_dia=Plena Noite;sentido_via=Crescente;condicao_metereologica=Céu Claro;tipo_pista=Simples;tracado_via=Reta;uso_solo=Não;pessoas=2;mortos=0;feridos_leves=2;feridos_graves=0;ilesos=0;ignorados=0;feridos=2;veiculos=1
dia_semana=segunda-feira;br=262.0;km=3.1;municipio=CARIACICA;causa_acidente=Falta de Atenção à Condução;tipo_acidente=Colisão transversal;classificacao_acidente=Com Vítimas Feridas;fase_dia=Pleno dia;sentido_via=Crescente;condicao_metereologica=Céu Claro;tipo_pista=Dupla;tracado_via=Não Informado;uso_solo=Sim;pessoas=4;mortos=0;feridos_leves=2;feridos_graves=0;ilesos=2;ignorados=0;feridos=2;veiculos=2
dia_semana=segunda-feira;br=101.0;km=295.3;municipio=CARIACICA;causa_acidente=Animais na Pista;tipo_acidente=Atropelamento de Animal;classificacao_acidente=Com Vítimas Feridas;fase_dia=Pleno dia;sentido_via=Decrescente;condicao_metereologica=Céu Claro;tipo_pista=Simples;tracado_via=Interseção de vias;uso_solo=Sim;pessoas=1;mortos=0;feridos_leves=1;feridos_graves=0;ilesos=0;ignorados=0;feridos=1;veiculos=1
dia_semana=segunda-feira;br=101.0;km=67.0;municipio=SAO MATEUS;causa_acidente=Mal Súbito;tipo_acidente=Queda de ocupante de veículo;classificacao_acidente=Com Vítimas Feridas;fase_dia=Pleno dia;sentido_via=Decrescente;condicao_metereologica=Nublado;tipo_pista=Simples;tracado_via=Reta;uso_solo=Sim;pessoas=1;mortos=0;feridos_leves=1;feridos_graves=0;ilesos=0;ignorados=0;feridos=1;veiculos=1
dia_semana=terça-feira;br=259.0;km=45.0;municipio=COLATINA;causa_acidente=Deficiência ou não Acionamento do Sistema de Iluminação/Sinalização do Veículo;tipo_acidente=Colisão traseira;classificacao_acidente=Com Vítimas Feridas;fase_dia=Plena Noite;sentido_via=Crescente;condicao_metereologica=Céu Claro;tipo_pista=Simples;tracado_via=Não Informado;uso_solo=Não;pessoas=2;mortos=0;feridos_leves=0;feridos_graves=1;ilesos=0;ignorados=1;feridos=1;veiculos=2
dia_semana=terça-feira;br=101.0;km=66.8;municipio=SAO MATEUS;causa_acidente=Falta de Atenção à Condução;tipo_acidente=Colisão transversal;classificacao_acidente=Com Vítimas Feridas;fase_dia=Pleno dia;sentido_via=Decrescente;condicao_metereologica=Sol;tipo_pista=Múltipla;tracado_via=Reta;uso_solo=Sim;pessoas=2;mortos=0;feridos_leves=0;feridos_graves=2;ilesos=0;ignorados=0;feridos=2;veiculos=2
dia_semana=terça-feira;br=101.0;km=269.1;municipio=SERRA;causa_acidente=Falta de Atenção à Condução;tipo_acidente=Colisão traseira;classificacao_acidente=Com Vítimas Feridas;fase_dia=Pleno dia;sentido_via=Decrescente;condicao_metereologica=Céu Claro;tipo_pista=Múltipla;tracado_via=Reta;uso_solo=Sim;pessoas=4;mortos=0;feridos_leves=0;feridos_graves=2;ilesos=2;ignorados=0;feridos=2;veiculos=3
dia_semana=terça-feira;br=101.0;km=367.0;municipio=ICONHA;causa_acidente=Ultrapassagem Indevida;tipo_acidente=Saída de leito carroçável;classificacao_acidente=Com Vítimas Feridas;fase_dia=Pleno dia;sentido_via=Crescente;condicao_metereologica=Céu Claro;tipo_pista=Simples;tracado_via=Reta;uso_solo=Não;pessoas=3;mortos=0;feridos_leves=1;feridos_graves=0;ilesos=0;ignorados=2;feridos=1;veiculos=2
dia_semana=quarta-feira;br=101.0;km=184.7;municipio=ARACRUZ;causa_acidente=Condutor Dormindo;tipo_acidente=Saída de leito carroçável;classificacao_acidente=Com Vítimas Feridas;fase_dia=Pleno dia;sentido_via=Decrescente;condicao_metereologica=Céu Claro;tipo_pista=Simples;tracado_via=Curva;uso_solo=Não;pessoas=1;mortos=0;feridos_leves=0;feridos_graves=1;ilesos=0;ignorados=0;feridos=1;veiculos=1
dia_semana=quarta-feira;br=101.0;km=142.8;municipio=LINHARES;causa_acidente=Condutor Dormindo;tipo_acidente=Saída de leito carroçável;classificacao_acidente=Sem Vítimas;fase_dia=Pleno dia;sentido_via=Decrescente;condicao_metereologica=Céu Claro;tipo_pista=Múltipla;tracado_via=Curva;uso_solo=Sim;pessoas=1;mortos=0;feridos_leves=0;feridos_graves=0;ilesos=1;ignorados=0;feridos=0;veiculos=1
dia_semana=quarta-feira;br=101.0;km=267.7;municipio=SERRA;causa_acidente=Falta de Atenção à Condução;tipo_acidente=Colisão transversal;classificacao_acidente=Com Vítimas Feridas;fase_dia=Pleno dia;sentido_via=Crescente;condicao_metereologica=Sol;tipo_pista=Dupla;tracado_via=Retorno Regulamentado;uso_solo=Sim;pessoas=3;mortos=0;feridos_leves=1;feridos_graves=0;ilesos=1;ignorados=1;feridos=1;veiculos=3
dia_semana=quarta-feira;br=101.0;km=139.9;municipio=LINHARES;causa_acidente=Falta de Atenção à Condução;tipo_acidente=Colisão com objeto estático;classificacao_acidente=Com Vítimas Feridas;fase_dia=Plena Noite;sentido_via=Crescente;condicao_metereologica=Ignorado;tipo_pista=Dupla;tracado_via=Reta;uso_solo=Não;pessoas=2;mortos=0;feridos_leves=1;feridos_graves=0;ilesos=0;ignorados=1;feridos=1;veiculos=2
dia_semana=quinta-feira;br=101.0;km=312.7;municipio=VILA VELHA;causa_acidente=Desobediência às normas de trânsito pelo condutor;tipo_acidente=Colisão frontal;classificacao_acidente=Com Vítimas Feridas;fase_dia=Plena Noite;sentido_via=Decrescente;condicao_metereologica=Nublado;tipo_pista=Simples;tracado_via=Não Informado;uso_solo=Não;pessoas=2;mortos=0;feridos_leves=0;feridos_graves=1;ilesos=1;ignorados=0;feridos=1;veiculos=2
dia_semana=quinta-feira;br=101.0;km=265.0;municipio=SERRA;causa_acidente=Não guardar distância de segurança;tipo_acidente=Colisão traseira;classificacao_acidente=Com Vítimas Feridas;fase_dia=Pleno dia;sentido_via=Crescente;condicao_metereologica=Céu Claro;tipo_pista=Dupla;tracado_via=Reta;uso_solo=Sim;pessoas=2;mortos=0;feridos_leves=1;feridos_graves=0;ilesos=1;ignorados=0;feridos=1;veiculos=2
dia_semana=quinta-feira;br=101.0;km=270.5;municipio=SERRA;causa_acidente=Falta de Atenção à Condução;tipo_acidente=Tombamento;classificacao_acidente=Com Vítimas Feridas;fase_dia=Pleno dia;sentido_via=Crescente;condicao_metereologica=Céu Claro;tipo_pista=Múltipla;tracado_via=Reta;uso_solo=Sim;pessoas=1;mortos=0;feridos_leves=1;feridos_graves=0;ilesos=0;ignorados=0;feridos=1;veiculos=1
dia_semana=quinta-feira;br=101.0;km=213.0;municipio=IBIRACU;causa_acidente=Desobediência às normas de trânsito pelo condutor;tipo_acidente=Colisão transversal;classificacao_acidente=Com Vítimas Feridas;fase_dia=Pleno dia;sentido_via=Decrescente;condicao_metereologica=Céu Claro;tipo_pista=Simples;tracado_via=Reta;uso_solo=Não;pessoas=2;mortos=0;feridos_leves=1;feridos_graves=0;ilesos=1;ignorados=0;feridos=1;veiculos=2
dia_semana=quinta-feira;br=101.0;km=148.0;municipio=LINHARES;causa_acidente=Desobediência às normas de trânsito pelo condutor;tipo_acidente=Colisão transversal;classificacao_acidente=Com Vítimas Feridas;fase_dia=Anoitecer;sentido_via=Decrescente;condicao_metereologica=Céu Claro;tipo_pista=Simples;tracado_via=Interseção de vias;uso_solo=Sim;pessoas=4;mortos=0;feridos_leves=1;feridos_graves=1;ilesos=2;ignorados=0;feridos=2;veiculos=2
dia_semana=quinta-feira;br=482.0;km=60.0;municipio=JERONIMO MONTEIRO;causa_acidente=Velocidade Incompatível;tipo_acidente=Colisão frontal;classificacao_acidente=Com Vítimas Feridas;fase_dia=Pleno dia;sentido_via=Crescente;condicao_metereologica=Céu Claro;tipo_pista=Simples;tracado_via=Reta;uso_solo=Sim;pessoas=2;mortos=0;feridos_leves=1;feridos_graves=0;ilesos=1;ignorados=0;feridos=1;veiculos=2
dia_semana=quinta-feira;br=262.0;km=5.0;municipio=CARIACICA;causa_acidente=Desobediência às normas de trânsito pelo condutor;tipo_acidente=Colisão transversal;classificacao_acidente=Com Vítimas Feridas;fase_dia=Plena Noite;sentido_via=Decrescente;condicao_metereologica=Garoa/Chuvisco;tipo_pista=Dupla;tracado_via=Reta;uso_solo=Sim;pessoas=2;mortos=0;feridos_leves=1;feridos_graves=0;ilesos=0;ignorados=1;feridos=1;veiculos=2
dia_semana=quinta-feira;br=262.0;km=31.1;municipio=DOMINGOS MARTINS;causa_acidente=Pista Escorregadia;tipo_acidente=Colisão frontal;classificacao_acidente=Sem Vítimas;fase_dia=Plena Noite;sentido_via=Decrescente;condicao_metereologica=Chuva;tipo_pista=Simples;tracado_via=Curva;uso_solo=Não;pessoas=2;mortos=0;feridos_leves=0;feridos_graves=0;ilesos=2;ignorados=0;feridos=0;veiculos=2
dia_semana=quinta-feira;br=101.0;km=357.0;municipio=ANCHIETA;causa_acidente=Ingestão de Álcool;tipo_acidente=Colisão com objeto estático;classificacao_acidente=Com Vítimas Feridas;fase_dia=Plena Noite;sentido_via=Decrescente;condicao_metereologica=Chuva;tipo_pista=Dupla;tracado_via=Não Informado;uso_solo=Não;pessoas=2;mortos=0;feridos_leves=1;feridos_graves=0;ilesos=1;ignorados=0;feridos=1;veiculos=1
dia_semana=sexta-feira;br=101.0;km=146.6;municipio=LINHARES;causa_acidente=Condutor Dormindo;tipo_acidente=Colisão transversal;classificacao_acidente=Com Vítimas Feridas;fase_dia=Plena Noite;sentido_via=Decrescente;condicao_metereologica=Nublado;tipo_pista=Múltipla;tracado_via=Reta;uso_solo=Sim;pessoas=3;mortos=0;feridos_leves=1;feridos_graves=1;ilesos=1;ignorados=0;feridos=2;veiculos=2
dia_semana=sexta-feira;br=101.0;km=149.1;municipio=LINHARES;causa_acidente=Desobediência às normas de trânsito pelo condutor;tipo_acidente=Colisão transversal;classificacao_acidente=Com Vítimas Feridas;fase_dia=Plena Noite;sentido_via=Decrescente;condicao_metereologica=Chuva;tipo_pista=Simples;tracado_via=Não Informado;uso_solo=Sim;pessoas=5;mortos=0;feridos_leves=1;feridos_graves=0;ilesos=2;ignorados=2;feridos=1;veiculos=2
dia_semana=sexta-feira;br=101.0;km=134.0;municipio=LINHARES;causa_acidente=Falta de Atenção à Condução;tipo_acidente=Colisão frontal;classificacao_acidente=Com Vítimas Feridas;fase_dia=Anoitecer;sentido_via=Crescente;condicao_metereologica=Chuva;tipo_pista=Simples;tracado_via=Reta;uso_solo=Não;pessoas=2;mortos=0;feridos_leves=0;feridos_graves=1;ilesos=1;ignorados=0;feridos=1;veiculos=2
dia_semana=sexta-feira;br=101.0;km=146.0;municipio=LINHARES;causa_acidente=Pista Escorregadia;tipo_acidente=Queda de ocupante de veículo;classificacao_acidente=Com Vítimas Feridas;fase_dia=Pleno dia;sentido_via=Crescente;condicao_metereologica=Chuva;tipo_pista=Múltipla;tracado_via=Reta;uso_solo=Não;pessoas=1;mortos=0;feridos_leves=0;feridos_graves=1;ilesos=0;ignorados=0;feridos=1;veiculos=1
dia_semana=sexta-feira;br=101.0;km=269.3;municipio=SERRA;causa_acidente=Falta de Atenção à Condução;tipo_acidente=Tombamento;classificacao_acidente=Com Vítimas Feridas;fase_dia=Pleno dia;sentido_via=Crescente;condicao_metereologica=Chuva;tipo_pista=Múltipla;tracado_via=Reta;uso_solo=Sim;pessoas=1;mortos=0;feridos_leves=0;feridos_graves=1;ilesos=0;ignorados=0;feridos=1;veiculos=1
dia_semana=sexta-feira;br=101.0;km=261.0;municipio=SERRA;causa_acidente=Não guardar distância de segurança;tipo_acidente=Colisão traseira;classificacao_acidente=Com Vítimas Feridas;fase_dia=Pleno dia;sentido_via=Crescente;condicao_metereologica=Chuva;tipo_pista=Dupla;tracado_via=Curva;uso_solo=Não;pessoas=2;mortos=0;feridos_leves=1;feridos_graves=0;ilesos=1;ignorados=0;feridos=1;veiculos=2
dia_semana=sábado;br=262.0;km=143.5;municipio=IBATIBA;causa_acidente=Defeito na Via;tipo_acidente=Saída de leito carroçável;classificacao_acidente=Com Vítimas Feridas;fase_dia=Pleno dia;sentido_via=Decrescente;condicao_metereologica=Nublado;tipo_pista=Simples;tracado_via=Reta;uso_solo=Não;pessoas=1;mortos=0;feridos_leves=1;feridos_graves=0;ilesos=0;ignorados=0;feridos=1;veiculos=1
dia_semana=sábado;br=101.0;km=4.9;municipio=ICONHA;causa_acidente=Ingestão de Álcool;tipo_acidente=Colisão com objeto estático;classificacao_acidente=Com Vítimas Feridas;fase_dia=Plena Noite;sentido_via=Decrescente;condicao_metereologica=Chuva;tipo_pista=Simples;tracado_via=Reta;uso_solo=Não;pessoas=1;mortos=0;feridos_leves=1;feridos_graves=0;ilesos=0;ignorados=0;feridos=1;veiculos=1
dia_semana=sábado;br=101.0;km=347.0;municipio=GUARAPARI;causa_acidente=Pista Escorregadia;tipo_acidente=Saída de leito carroçável;classificacao_acidente=Sem Vítimas;fase_dia=Plena Noite;sentido_via=Decrescente;condicao_metereologica=Chuva;tipo_pista=Simples;tracado_via=Reta;uso_solo=Não;pessoas=1;mortos=0;feridos_leves=0;feridos_graves=0;ilesos=0;ignorados=1;feridos=0;veiculos=1
dia_semana=sábado;br=101.0;km=394.2;municipio=RIO NOVO DO SUL;causa_acidente=Avarias e/ou desgaste excessivo no pneu;tipo_acidente=Tombamento;classificacao_acidente=Sem Vítimas;fase_dia=Pleno dia;sentido_via=Crescente;condicao_metereologica=Chuva;tipo_pista=Simples;tracado_via=Curva;uso_solo=Não;pessoas=1;mortos=0;feridos_leves=0;feridos_graves=0;ilesos=1;ignorados=0;feridos=0;veiculos=1
dia_semana=sábado;br=101.0;km=72.0;municipio=SAO MATEUS;causa_acidente=Ingestão de Álcool;tipo_acidente=Tombamento;classificacao_acidente=Com Vítimas Feridas;fase_dia=Plena Noite;sentido_via=Crescente;condicao_metereologica=Céu Claro;tipo_pista=Simples;tracado_via=Reta;uso_solo=Não;pessoas=1;mortos=0;feridos_leves=1;feridos_graves=0;ilesos=0;ignorados=0;feridos=1;veiculos=1
dia_semana=sábado;br=393.0;km=9.7;municipio=CACHOEIRO DE ITAPEMIRIM;causa_acidente=Falta de Atenção à Condução;tipo_acidente=Tombamento;classificacao_acidente=Com Vítimas Feridas;fase_dia=Plena Noite;sentido_via=Decrescente;condicao_metereologica=Céu Claro;tipo_pista=Simples;tracado_via=Reta;uso_solo=Sim;pessoas=2;mortos=0;feridos_leves=2;feridos_graves=0;ilesos=0;ignorados=0;feridos=2;veiculos=1
dia_semana=domingo;br=262.0;km=65.8;municipio=MARECHAL FLORIANO;causa_acidente=Velocidade Incompatível;tipo_acidente=Saída de leito carroçável;classificacao_acidente=Com Vítimas Feridas;fase_dia=Amanhecer;sentido_via=Crescente;condicao_metereologica=Céu Claro;tipo_pista=Simples;tracado_via=Curva;uso_solo=Não;pessoas=1;mortos=0;feridos_leves=0;feridos_graves=1;ilesos=0;ignorados=0;feridos=1;veiculos=1
dia_semana=domingo;br=262.0;km=2.8;municipio=CARIACICA;causa_acidente=Ingestão de Álcool;tipo_acidente=Colisão com objeto estático;classificacao_acidente=Com Vítimas Feridas;fase_dia=Pleno dia;sentido_via=Decrescente;condicao_metereologica=Céu Claro;tipo_pista=Dupla;tracado_via=Curva;uso_solo=Sim;pessoas=3;mortos=0;feridos_leves=2;feridos_graves=0;ilesos=0;ignorados=1;feridos=2;veiculos=1
dia_semana=domingo;br=101.0;km=365.4;municipio=ANCHIETA;causa_acidente=Falta de Atenção à Condução;tipo_acidente=Tombamento;classificacao_acidente=Com Vítimas Feridas;fase_dia=Pleno dia;sentido_via=Crescente;condicao_metereologica=Nublado;tipo_pista=Simples;tracado_via=Curva;uso_solo=Não;pessoas=1;mortos=0;feridos_leves=0;feridos_graves=1;ilesos=0;ignorados=0;feridos=1;veiculos=1
dia_semana=domingo;br=101.0;km=264.0;municipio=SERRA;causa_acidente=Desobediência às normas de trânsito pelo condutor;tipo_acidente=Colisão lateral;classificacao_acidente=Com Vítimas Feridas;fase_dia=Pleno dia;sentido_via=Decrescente;condicao_metereologica=Céu Claro;tipo_pista=Dupla;tracado_via=Interseção de vias;uso_solo=Sim;pessoas=2;mortos=0;feridos_leves=1;feridos_graves=0;ilesos=1;ignorados=0;feridos=1;veiculos=2
dia_semana=domingo;br=259.0;km=61.5;municipio=COLATINA;causa_acidente=Falta de Atenção à Condução;tipo_acidente=Saída de leito carroçável;classificacao_acidente=Com Vítimas Feridas;fase_dia=Pleno dia;sentido_via=Crescente;condicao_metereologica=Céu Claro;tipo_pista=Simples;tracado_via=Reta;uso_solo=Não;pessoas=1;mortos=0;feridos_leves=1;feridos_graves=0;ilesos=0;ignorados=0;feridos=1;veiculos=1
dia_semana=domingo;br=101.0;km=299.9;municipio=VIANA;causa_acidente=Desobediência às normas de trânsito pelo condutor;tipo_acidente=Colisão transversal;classificacao_acidente=Com Vítimas Feridas;fase_dia=Anoitecer;sentido_via=Crescente;condicao_metereologica=Céu Claro;tipo_pista=Dupla;tracado_via=Interseção de vias;uso_solo=Sim;pessoas=3;mortos=0;feridos_leves=1;feridos_graves=0;ilesos=2;ignorados=0;feridos=1;veiculos=2